{"schemaVersion":"1.0","appDefinitionTemplate":{"id":"/providers/Microsoft.PowerApps/apps/","type":"Microsoft.PowerApps/apps","tags":{"primaryDeviceWidth":"1366","primaryDeviceHeight":"768","sienaVersion":"20210812T083514Z-3.21081.48.0","deviceCapabilities":"","supportsPortrait":"true","supportsLandscape":"true","primaryFormFactor":"Tablet","publisherVersion":"3.21081.48","minimumRequiredApiVersion":"2.2.0","hasComponent":"false","hasUnlockedComponent":"false","isUnifiedRootApp":"false"},"properties":{"appVersion":"2021-08-12T08:35:14Z","lifeCycleId":"Published","createdByClientVersion":{"major":3,"minor":21081,"build":48,"revision":0,"majorRevision":0,"minorRevision":0},"minClientVersion":{"major":3,"minor":21081,"build":48,"revision":0,"majorRevision":0,"minorRevision":0},"backgroundColor":"rgba(0, 176, 240, 1)","backgroundImageUri":"/2038099957783833163/Neb67f712-d515-4388-a2f6-dd16d9efeff2-logoSmallFile","displayName":"Recipe App","description":"","commitMessage":"","appUris":{"documentUri":{"value":"/2038099957783833163/N363a6fa7-29e3-405c-a9bd-071449686285-document.msapp"},"imageUris":[]},"createdTime":"0001-01-01T00:00:00Z","lastModifiedTime":"0001-01-01T00:00:00Z","sharedGroupsCount":0,"sharedUsersCount":0,"icons":{"smallIconUri":"/2038099957783833163/N7bd12df3-6846-4f97-8e63-66d34b61a5ba-small.png","mediumIconUri":"/2038099957783833163/N44cb30ee-9f1a-45cd-aa85-8fa7a34a939b-medium.png","largeIconUri":"/2038099957783833163/Na5bafc7c-c4f8-4971-bbb9-45c06acdc361-large.png","wideIconUri":"/2038099957783833163/N3f491ef9-c82f-4fad-a546-0eaa29c5fef1-wide.png"},"connectionReferences":{"047d4d48-130c-41f2-8ac4-29229c03bde5":{"id":"4d392b6b-1336-4996-a65d-d169b4371b71","displayName":"Excel Online (Business)","iconUri":"https://connectoricons-prod.azureedge.net/releases/v1.0.1500/1.0.1500.2502/excelonlinebusiness/icon.png","dataSources":["Table1"],"dependencies":[],"dependents":[],"parameterHints":{},"parameterHintsV2":{},"isOnPremiseConnection":false,"bypassConsent":false,"dataSets":{"me,b%21x8zOXfHKoE-1uG1iRfVMpS8Mm9FlQchNmHXXZDwXluUR03QQfhMCT7O8CLxpmUp0,014NYRSW2XF5WAW46CGRCZ7ZZ3ZBKK4FTU":{"dataSources":{"Table1":{"tableName":"{61724128-1125-4547-B97E-3C4DBEC55339}"}}}},"apiTier":"Standard","isCustomApiConnection":false,"actions":["providers/PowerPlatform.Governance/Operations/Read"]}},"databaseReferences":{"default.cds":{"databaseDetails":{"referenceType":"Environmental","environmentName":"default.cds","overrideValues":{"status":"NotSpecified"}},"dataSources":{"43b0dc67-68af-47ae-9a9c-9e69d396ba3e":{"entitySetName":"msdyn_aimodels","logicalName":"msdyn_aimodel"}}}},"almMode":"Environment","performanceOptimizationEnabled":true,"canConsumeAppPass":true,"executionRestrictions":{"isTeamsOnly":false,"dataLossPreventionEvaluationResult":{"status":"Compliant","lastEvaluationDate":"2021-07-29T23:02:55.2228804Z","violations":[],"violationsByPolicy":[],"violationErrorMessage":"The app uses the following connectors: ."}}},"appType":"ClassicCanvasApp","appComponents":[]}}